,Location Name,Street Address,Hours Open,Level,Location 1,Planning Regions,Counties,Zip Code,Town Index,Coordinates
0,Connecticut Science Center,250 Columbus Blvd,Daily: 6Am-3AM,2,"250 Columbus Blvd
Hartford
(41.764599, -72.669526)",1.0,1041,82,64.0,"(41.764599, -72.669526)"
1,Norwalk Community College,188 Richards Avenue,"M-F 7AM-10PM, Sat Limited Hours ",2,"188 Richards Avenue
Norwalk
(41.102614, -73.450294)",9.0,1040,155,103.0,"(41.102614, -73.450294)"
2,Milford Public Library,57 New Haven Avenue,Open 24 Hours,2,"57 New Haven Avenue
Milford
(41.2225623, -73.0546839)",7.0,1044,193,84.0,"(41.2225623, -73.0546839)"
3,Lombard Ford Inc.,385 New Hartford Road,9 AM-5 PM M-Sat,2,"385 New Hartford Road
Barkhamsted
(41.909669, -73.042491)",6.0,1042,48,5.0,"(41.909669, -73.042491)"
4,Manchester Honda,24 Adams Street,Dealership Hours,2,"24 Adams Street
Manchester
(41.795808, -72.55138)",1.0,1041,161,77.0,"(41.795808, -72.55138)"
5,INFINITYGREEN,201 Commons Park Street,Open 24 Hours,2,"201 Commons Park Street
Stamford
(41.0410423, -73.5396723)",9.0,1040,7,135.0,"(41.0410423, -73.5396723)"
6,Propark America - Omni Hotel Chapel Square Garage,155 Temple Street,Open 24 Hours,"1, 2, Tesla","155 Temple Street
New Haven
(41.3058626, -72.9275359)",7.0,1044,133,93.0,"(41.3058626, -72.9275359)"
7,Town of Bethel,5 Depot Place,Open 24 Hours,2,"5 Depot Place
Bethel
(41.370439, -73.414611)",9.0,1040,77,9.0,"(41.370439, -73.414611)"
8,Air Rights Garage (New Haven Parking Authority),60 York Street (Located on level 3 of garage),Open 24/7 is a pay lot ,2,"60 York Street (Located on level 3 of garage)
New Haven
(41.305202, -72.934014)",7.0,1044,275,93.0,"(41.305202, -72.934014)"
9,Greensfarms Railroad Station,2 Post Office Lane,Open 24 Hours,2,"2 Post Office Lane
Westport
(41.122741, -73.315848)",9.0,1040,179,158.0,"(41.122741, -73.315848)"
10,Morton Government Center,239 John Street,Open 24 Hours,2,"239 John Street
Bridgeport
(41.177081, -73.191365)",2.0,1040,172,15.0,"(41.177081, -73.191365)"
11,Rt 15- NB Greenwich Service Plaza,3000 Merritt Parkway,Open 24 Hours,DC,"3000 Merritt Parkway
Greenwich
(41.041098, -73.672417)",9.0,1040,215,57.0,"(41.041098, -73.672417)"
12,Big Y ,28 Spencer Plain Road,Open 24 Hours,2,"28 Spencer Plain Road
Old Saybrook
(41.28808, -72.417843)",3.0,1043,56,106.0,"(41.28808, -72.417843)"
13,Plainville Town Hall,1 Central Square,Open 24 Hours,2,"1 Central Square
Plainville
(41.6717114, -72.8670213)",1.0,1041,260,110.0,"(41.6717114, -72.8670213)"
14,The Dock-Rail Side,200 East Main Street,Open 24 Hours,DC,"200 East Main Street
Stamford
(41.20277023, -73.11752319)",2.0,1040,218,138.0,"(41.20277023, -73.11752319)"
15,Curran Volkswagon,2785 Main Street,Dealership Hours,2,"2785 Main Street
Stratford
(41.198467, -73.131808)",2.0,1040,218,138.0,"(41.198467, -73.131808)"
16,Lia Nissan of Enfield,10 Palomba Drive,Dealership Hours,2,"10 Palomba Drive
Enfield
(41.9979545, -72.5742057)",1.0,1041,108,49.0,"(41.9979545, -72.5742057)"
17,Western Connecticut State University,43 Lake Avenue,Open 24 Hours,2,"43 Lake Avenue
Danbury
(41.389547, -73.467467)",9.0,1040,1,34.0,"(41.389547, -73.467467)"
18,Town of East Haven,250 Main Street,Open 24 Hours,2,"250 Main Street
East Haven
(41.2777553, -72.8716481)",7.0,1044,130,44.0,"(41.2777553, -72.8716481)"
19,Western Connecticut State University,190 White Street,Open 24 Hours,2,"190 White Street
Danbury
(41.399095, -73.44344)",9.0,1040,1,34.0,"(41.399095, -73.44344)"
20,Town of Glastonbury-on street parking,2333 Main Street,Open 24 Hours,2,"2333 Main Street
Glastonbury
(41.711942, -72.608505)",1.0,1041,90,54.0,"(41.711942, -72.608505)"
21,Burlington Library,"34 Library Lane, Burlington",Open 24 Hours,2,"34 Library Lane, Burlington
Burlington
(41.771441, -72.967039)",6.0,1041,107,20.0,"(41.771441, -72.967039)"
22,University of Connecticut- North Parking Garage,103 Eagleville Road,Garage Hours,2,"103 Eagleville Road
Storrs
(41.800922, -72.241321)",1.0,38,33,78.0,"(41.800922, -72.241321)"
23,Surface Parking Lot,121 Main Street,Open 24 Hours,2,"121 Main Street
New Britain
(41.666233, -72.781161)",1.0,1041,17,89.0,"(41.666233, -72.781161)"
24,Town of New Milford-Library Kiosk,24 Main Street,Open 24 Hours,2,"24 Main Street
New Milford
(41.5785572, -73.41116)",9.0,1042,88,96.0,"(41.5785572, -73.41116)"
25,EDENS (Bishops Corner),333 N. Main Street,Open 24 Hours,2,"333 N. Main Street
West Hartford
(41.783595, -72.748049)",1.0,1041,181,155.0,"(41.783595, -72.748049)"
26,Putnam Downtown Municipal Parking Lot,165 Kennedy Drive,Open 24 Hours,2,"165 Kennedy Drive
Putnam
(41.914329, -71.9105762)",5.0,39,39,116.0,"(41.914329, -71.9105762)"
27,Mohegan Sun,1 Mohegan Sun Blvd,Open 24 Hours,"1, 2","1 Mohegan Sun Blvd
Uncasville
(41.491597, -72.091456)",8.0,1045,15,86.0,"(41.491597, -72.091456)"
28,Danbury Whole Foods ,5C Sugar Hollow Road,Open 24 Hours,2,"5C Sugar Hollow Road
Danbury
(41.378259, -73.474835)",9.0,1040,1,34.0,"(41.378259, -73.474835)"
29,Fairfield Woods Library,1147 Fairfield Woods Road,Open 24 Hours,2,"1147 Fairfield Woods Road
Fairfield
(41.187855, -73.250024)",2.0,1040,174,51.0,"(41.187855, -73.250024)"
30,Butler Street Parking Lot,30 Butler Street,Open 24 Hours,2,"30 Butler Street
Meriden
(41.53697, -72.805988)",7.0,1044,226,80.0,"(41.53697, -72.805988)"
31,Plainville High School,47 Robert Holcomb Way,6 AM-11:45 PM 7 days a week,2,"47 Robert Holcomb Way
Plainville
(41.6659341, -72.8580302)",1.0,1041,260,110.0,"(41.6659341, -72.8580302)"
32,Karl Chevrolet,1330 East Putnam Avenue,Dealership Hours,2,"1330 East Putnam Avenue
Greenwich
(41.043283, -73.573851)",9.0,1040,250,57.0,"(41.043283, -73.573851)"
33,Trinity College,18-60 Crescent Street,Open 24 Hours,2,"18-60 Crescent Street
Hartford
(41.745582, -72.689438)",1.0,1041,182,64.0,"(41.745582, -72.689438)"
34,Connecticut Welcome Center - Tesla ,"I-95 N, I-95 S",24 hours daily,Tesla,"I-95 N, I-95 S
Darien
(41.080085, -73.461261)",9.0,1040,5,35.0,"(41.080085, -73.461261)"
35,Congregational Church of Somersville,22 Maple Street,Open 24 Hours,2,"22 Maple Street
Somersville
(41.983904, -72.489406)",1.0,38,143,129.0,"(41.983904, -72.489406)"
36,Summer Street Garage,100 Summer Street,Garage Hours,2,"100 Summer Street
Stamford
(41.0540276, -73.5407706)",9.0,1040,7,135.0,"(41.0540276, -73.5407706)"
37,Wilton Pubic Library,137 Old Ridgefield Road,"10 AM-8 PM M-Th, 10 AM-6 PM F, 1 PM",2,"137 Old Ridgefield Road
Wilton
(41.192668, -73.431569)",9.0,1040,212,161.0,"(41.192668, -73.431569)"
38,Blogoslawski Parking Garage,10 Franklin Square,Open 24 Hours,2,"10 Franklin Square
New Britain
(41.6643566, -72.7788286)",1.0,1041,17,89.0,"(41.6643566, -72.7788286)"
39,New Haven Parking Authority (Temple Street),1 Temple Street (Located on level 4 of garage),Open 24/7 is a pay lot ,2,"1 Temple Street (Located on level 4 of garage)
New Haven
(41.303605, -72.929722)",7.0,1044,133,93.0,"(41.303605, -72.929722)"
40,Town of Madison,761 Boston Post Road,Open 24 Hours,2,"761 Boston Post Road
Madison
(41.280284, -72.595184)",7.0,1044,134,76.0,"(41.280284, -72.595184)"
41,Chips Family Restaurant,321 Boston Post Road,Open 24 Hours-Guests Only,"2, Tesla","321 Boston Post Road
Orange
(41.264627, -73.004808)",7.0,1044,196,107.0,"(41.264627, -73.004808)"
42,PFIZER GROTON,445 Eastern Point Road-Building 290,Open 24 Hours,2,"445 Eastern Point Road-Building 290
Groton
(41.3356849, -72.0729966)",8.0,1045,243,59.0,"(41.3356849, -72.0729966)"
43,Van Wilgen's Garden Center,51 Valley Road,9AM-5PM M-F,2,"51 Valley Road
North Branford
(41.30733, -72.766105)",7.0,1044,131,99.0,"(41.30733, -72.766105)"
44,Mansfield Public Library,54 Warrenville Road,Open 24 Hours,2,"54 Warrenville Road
Mansfield
(41.768396, -72.195701)",1.0,38,32,78.0,"(41.768396, -72.195701)"
45,Gates Nissan,143 Boston Post Road,Dealership Hours,2,"143 Boston Post Road
North Windham
(41.7283586, -72.1878358)",8.0,39,258,163.0,"(41.7283586, -72.1878358)"
46,Southern Connecticut University,34 Wintergreen Ave,Open 24/7 is a pay lot ,2,"34 Wintergreen Ave
New Haven
(41.3333254, -72.9502064)",7.0,1044,240,93.0,"(41.3333254, -72.9502064)"
47,Town of Beacon Falls-Commuter Lot,105 N. Main Street,Open 24 Hours,2,"105 N. Main Street
Beacon Falls
(41.445472, -73.065616)",4.0,1044,138,6.0,"(41.445472, -73.065616)"
48,Propark America,77 Old Bank Lane,Garage Hours,"2, DC","77 Old Bank Lane
Hartford
(41.7667112, -72.674007)",1.0,1041,82,64.0,"(41.7667112, -72.674007)"
49,CT Department of Corrections,38 Wolcott Hill Road,Open 24 Hours,2,"38 Wolcott Hill Road
Wethersfield
(41.725002, -72.6724544)",1.0,1041,261,159.0,"(41.725002, -72.6724544)"
50,Bloomfield Town Hall,800 Bloomfield Avenue,Town Hall Hours,2,"800 Bloomfield Avenue
Bloomfield
(41.8298475, -72.7373929)",1.0,1041,224,11.0,"(41.8298475, -72.7373929)"
51,Mystic Marriott Hotel and Spa,625 North Rd,Open 24 Hours,"1, 2","625 North Rd
Groton
(41.3649722, -72.0251953)",8.0,1045,243,59.0,"(41.3649722, -72.0251953)"
52,State Street Parking Garage,360 State Street,Garage Hours,2,"360 State Street
New Haven
(41.30501, -72.9227)",7.0,1044,275,93.0,"(41.30501, -72.9227)"
53,Carter Chevrolet,1229 Main Street,Dealership Hours,2,"1229 Main Street
Manchester
(41.7648798, -72.52027)",1.0,1041,263,77.0,"(41.7648798, -72.52027)"
54,Hoffman of West Simsbury Inc.  d/b/a Hoffman Toyota,36 Albany Tpke,Dealership Hours,2,"36 Albany Tpke
West Simsbury
(41.818657, -72.868197)",1.0,1041,186,128.0,"(41.818657, -72.868197)"
55,Milford Southbound & Northbound Service Plaza,"I-95 N, I-95 S",Open 24 Hours,Tesla,"I-95 N, I-95 S
Milford
(41.24718, -73.009992)",7.0,1044,193,84.0,"(41.24718, -73.009992)"
56,Learning Express,25 Old Kings Hwy N,"9:30 AM-5:30 PM M-Sat, 11AM-5PM Sun","2, DC","25 Old Kings Hwy N
Darien
(41.078763, -73.465493)",9.0,1040,5,35.0,"(41.078763, -73.465493)"
57,Green Farms,1460 Post Road,Open 24 Hours,DC,"1460 Post Road
East Westport
(41.13921356, -73.31217957)",9.0,1040,179,158.0,"(41.13921356, -73.31217957)"
58,Town of Ridgefield,400 Main Street,Open 24 Hours,2,"400 Main Street
Ridgefield
(41.281421, -73.498417)",9.0,1040,43,118.0,"(41.281421, -73.498417)"
59,Greater Hartford Transit District - Spruce Street Lot,1 Union Place,Open 24 Hours,"1, 2","1 Union Place
Hartford
(41.7686629, -72.6813764)",1.0,1041,82,64.0,"(41.7686629, -72.6813764)"
60,Henny Penny-Hartford Road,969 Hartford Road,Open 24 Hours,2,"969 Hartford Road
Waterford
(41.3874871, -72.1591426)",8.0,1045,140,152.0,"(41.3874871, -72.1591426)"
61,DRS Consolidated Controls,21 South Street,Open 24 Hours,2,"21 South Street
Danbury
(41.38704, -73.4312)",9.0,1040,1,34.0,"(41.38704, -73.4312)"
62,Yankee Doodle Garage,10 Burnell Blvd,Lot Hours,"1, 2","10 Burnell Blvd
Norwalk
(41.11803055, -73.41493225)",9.0,1040,204,103.0,"(41.11803055, -73.41493225)"
63,Heritage Hotel - Tesla,522 Heritage Rd,Open 24 Hours,Tesla,"522 Heritage Rd
Southbury
(41.4880563, -73.2248163)",4.0,1044,99,130.0,"(41.4880563, -73.2248163)"
64,East Hartford Public School,734 Tolland Street,Open 24 Hours,2,"734 Tolland Street
East Hartford
(41.78392, -72.6047)",1.0,1041,119,43.0,"(41.78392, -72.6047)"
65,Foxwoods Resort & Casino,101 Trolley  Line Blvd,Open 24 Hours,2,"101 Trolley Line Blvd
Mashantucket
(41.4699817, -71.9523342)",8.0,1045,66,72.0,"(41.4699817, -71.9523342)"
66,Isham Garage,17 Isham Road,Garage Hours,2,"17 Isham Road
West Hartford
(41.7608228, -72.7407631)",1.0,1041,158,155.0,"(41.7608228, -72.7407631)"
67,CityPlace Garage,185 Asylum Street,Garage Hours,2,"185 Asylum Street
Hartford
(41.7669, -72.6762)",1.0,1041,82,64.0,"(41.7669, -72.6762)"
68,County Line Buick-Nissan,2191 Straits Tpke,Dealership Hours,"2, DC","2191 Straits Tpke
Middlebury
(41.568466, -73.099109)",4.0,1044,200,81.0,"(41.568466, -73.099109)"
69,Cargill Chevrolet,23 Livery Street,Open 24 Hours,2,"23 Livery Street
Putnam
(41.915577, -71.908313)",5.0,39,39,116.0,"(41.915577, -71.908313)"
70,BMW of Bridgeport,43 North Ave,Open 24 Hours,2,"43 North Ave
Bridgeport
(41.2020685, -73.1897466)",2.0,1040,74,15.0,"(41.2020685, -73.1897466)"
71,Alfano Nissan,1530 E Main Street,Dealership Hours,2,"1530 E Main Street
Torrington
(41.8191958, -73.0875574)",6.0,1042,122,143.0,"(41.8191958, -73.0875574)"
72,Gene Langan VW,816 New London Turnpike,Open 24 Hours,2,"816 New London Turnpike
Glastonbury
(41.704415, -72.593366)",1.0,1041,90,54.0,"(41.704415, -72.593366)"
73,Bell Street Garage,28 Bell Street,Open 24 Hours,2,"28 Bell Street
Stamford
(41.0520087, -73.5407297)",9.0,1040,203,135.0,"(41.0520087, -73.5407297)"
74,Norwich Public Utilities,157 N Main Street (Adjacent to Customer Service Building),Open 24 Hours,2,"157 N Main Street (Adjacent to Customer Service Building)
Norwich
(41.527565, -72.064059)",8.0,1045,14,104.0,"(41.527565, -72.064059)"
75,Schaller Mitsubishi,25 Veterans Drive,9 AM-5 PM M-Sat,2,"25 Veterans Drive
New Britain
(41.649365, -72.770648)",1.0,1041,17,89.0,"(41.649365, -72.770648)"
76,Propark America - City of New London,161 Water Street (Located outside of garage entrance from Water St ),Open 24 Hours,"1, 2","161 Water Street (Located outside of garage entrance from Water St )
New London
(41.3566648, -72.0945957)",8.0,1045,144,95.0,"(41.3566648, -72.0945957)"
77,State House Square,10-90 State House Sq,Open 24 Hours,2,"10-90 State House Sq
Hartford
(41.766, -72.6716)",1.0,1041,82,64.0,"(41.766, -72.6716)"
78,Valenti Motors,600 Straits Tpke,Dealership Hours,2,"600 Straits Tpke
Watertown
(41.57525, -73.1005139)",4.0,1042,269,153.0,"(41.57525, -73.1005139)"
79,Windham Town Hall,979 Main Street,Open 24 Hours,2,"979 Main Street
Windham
(41.71292, -72.217506)",8.0,39,207,163.0,"(41.71292, -72.217506)"
80,Yale Acres Community Center,228 Wall Street,Open 24 Hours,2,"228 Wall Street
Meriden
(41.538777, -72.782625)",7.0,1044,199,80.0,"(41.538777, -72.782625)"
81,One Stamford Plaza,263 Tresser Blvd,Open 24 Hours,"1, 2","263 Tresser Blvd
Stamford
(41.05184, -73.5344)",9.0,1040,203,135.0,"(41.05184, -73.5344)"
82,Premier Chevrolet,512 Providence Road,Dealership Hours,2,"512 Providence Road
Brooklyn
(41.79918, -71.9068)",5.0,39,37,19.0,"(41.79918, -71.9068)"
83,Crest Ford,218 Flanders Road ,Open 24 Hours,2,"218 Flanders Road
Niantic
(41.354043, -72.211435)",8.0,1045,31,45.0,"(41.354043, -72.211435)"
84,Figaro Restaurant,90 Elm Street,Open 24 Hours,2,"90 Elm Street
Enfield
(41.996918, -72.5823813)",1.0,1041,108,49.0,"(41.996918, -72.5823813)"
85,Aitoro Appliance Co.,401 Westport Avenue at Strawberry Hill Avenue,Business Hours,2,"401 Westport Avenue at Strawberry Hill Avenue
Norwalk
(41.126616, -73.390279)",9.0,1040,87,103.0,"(41.126616, -73.390279)"
86,Propark America,777 Main Street,Garage Hours,"1, 2","777 Main Street
Hartford
(41.7656639, -72.6734371)",1.0,1041,82,64.0,"(41.7656639, -72.6734371)"
87,Town Center Municipal Parking Lot,83 Market Square,Open 24 Hours,2,"83 Market Square
Newington
(41.696446, -72.721392)",1.0,1041,86,94.0,"(41.696446, -72.721392)"
88,Precision Motors of Mystic,2400 Gold Star Highway,Open 24 Hours,2,"2400 Gold Star Highway
Mystic
(41.390465, -71.988657)",8.0,1045,135,59.0,"(41.390465, -71.988657)"
89,Morande Ford,250 Webster Square Road,"9 AM-5 PM M-Th, 9 AM-2 PM F-Sat",2,"250 Webster Square Road
Berlin
(41.631028, -72.742309)",1.0,1041,253,7.0,"(41.631028, -72.742309)"
90,Tri-Town Teachers Federal Credit Union,61 Jessup Road,Open 24 Hours,2,"61 Jessup Road
Westport
(41.139781, -73.358518)",9.0,1040,179,158.0,"(41.139781, -73.358518)"
91,All-Phase Electric Supply,15 Commerce Way,6 AM-6 PM M-F,2,"15 Commerce Way
South Windsor
(41.858024, -72.600045)",1.0,1041,89,132.0,"(41.858024, -72.600045)"
92,East Hampton Village Center,87 Main Street,Open 24 Hours,2,"87 Main Street
East Hampton
(41.574728, -72.502089)",3.0,1043,273,42.0,"(41.574728, -72.502089)"
93,Goodwin College,403 Main Street,Open 24 Hours,2,"403 Main Street
East Hartford
(41.749991, -72.639357)",1.0,1041,24,43.0,"(41.749991, -72.639357)"
94,Orange Meadows (Peck Lane),550 Boston Post Road,Open 24 Hours,DC,"550 Boston Post Road
Orange
(41.25180054, -73.01777649)",7.0,1044,196,107.0,"(41.25180054, -73.01777649)"
95,Fairfield Tennis Center,210 Old Dam Road,Open 24 Hours,2,"210 Old Dam Road
Fairfield
(41.1247387, -73.2665157)",2.0,1040,111,51.0,"(41.1247387, -73.2665157)"
96,Ridgefield BMW,746 Danbury Road,Dealership Hours,2,"746 Danbury Road
Ridgefield
(41.330578, -73.472216)",9.0,1040,43,118.0,"(41.330578, -73.472216)"
97,Capital Regional Development Association (CRDA)  ,"Front Street North, 105 Columbus Blvd",Daily: 6AM-Midnight,2,"Front Street North, 105 Columbus Blvd
Hartford
(41.762829, -72.670264)",1.0,1041,82,64.0,"(41.762829, -72.670264)"
98,Price Chopper ,1220 Storrs Road,Open 24 Hours,2,"1220 Storrs Road
Storrs
(41.788489, -72.229291)",1.0,38,33,78.0,"(41.788489, -72.229291)"
99,Town Hall of Coventry,1712 Main Street,Open 24 Hours,2,"1712 Main Street
Coventry
(41.781963, -72.309203)",1.0,38,145,32.0,"(41.781963, -72.309203)"
100,Crowley Ford,225 New Britain Ave,Dealership Hours,2,"225 New Britain Ave
Plainville
(41.677956, -72.842337)",1.0,1041,260,110.0,"(41.677956, -72.842337)"
101,Prestige VW,42-46 West Broad Street,Dealership Hours,2,"42-46 West Broad Street
Stamford
(41.0553525, -73.5464906)",9.0,1040,7,135.0,"(41.0553525, -73.5464906)"
102,Wallingford Shopping Center,930 North Colony Road,Open 24 Hours,2,"930 North Colony Road
Wallingford
(41.483774, -72.807124)",7.0,1044,195,148.0,"(41.483774, -72.807124)"
103,La Quinta Inn & Suites,116 Newtown Road,24 hours daily,2,"116 Newtown Road
Danbury
(41.41681751, -73.40630808)",9.0,1040,1,34.0,"(41.41681751, -73.40630808)"
104,Fairfield Parks and Recreation Center,75 Mill Plain Road,Open 24 Hours,2,"75 Mill Plain Road
Fairfield
(41.142152, -73.263962)",2.0,1040,111,51.0,"(41.142152, -73.263962)"
105,Girard Nissan,425 Gold Star Hwy,Dealership Hours,2,"425 Gold Star Hwy
Groton
(41.3713958, -72.0565033)",8.0,1045,243,59.0,"(41.3713958, -72.0565033)"
106,United Illuminating - City of New Haven Union Station Garage,50 Union Avenue,Open 24 Hours,2,"50 Union Avenue
New Haven
(41.297509, -72.926602)",7.0,1044,132,93.0,"(41.297509, -72.926602)"
107,Town of Westport - Town Hall,110 Myrtle Avenue,Open 24 Hours,2,"110 Myrtle Avenue
Westport
(41.1450945, -73.3599921)",9.0,1040,179,158.0,"(41.1450945, -73.3599921)"
108,Darien Southbound Service Plaza,1-95 S,Open 24 Hours,DC,"1-95 S
Darien
(41.068255, -73.504797)",9.0,1040,5,35.0,"(41.068255, -73.504797)"
109,Harte Nissan,165 West Service Road,Dealership Hours,"2, DC","165 West Service Road
Hartford
(41.7913051, -72.6566434)",1.0,1041,79,64.0,"(41.7913051, -72.6566434)"
110,Crowley Nissan,1451 Farmington Avenue,9 AM-5 PM M-Sat,"2, DC","1451 Farmington Avenue
Bristol
(41.6992932, -72.8956037)",4.0,1041,219,17.0,"(41.6992932, -72.8956037)"
111,Delamar Greenwich Harbor - Tesla,500 Steamboat Rd,Open 24 Hours,Tesla,"500 Steamboat Rd
Greenwich
(41.017798, -73.623616)",9.0,1040,6,57.0,"(41.017798, -73.623616)"
112,Old Saybrook Inn,2 Bridge Street,Open 24 Hours-Guests Only,2,"2 Bridge Street
Old Saybrook
(41.283282, -72.35059)",3.0,1043,56,106.0,"(41.283282, -72.35059)"
113,United Illuminating - Fairfield,80 Mill Plain Road,Open 24 Hours,2,"80 Mill Plain Road
Fairfield
(41.1422413, -73.2640247)",2.0,1040,111,51.0,"(41.1422413, -73.2640247)"
114,Mansfield Parking Garage,9 Dog Lane,Garage Hours,2,"9 Dog Lane
Storrs
(41.8050529, -72.2432295)",1.0,38,33,78.0,"(41.8050529, -72.2432295)"
115,De Cormier Nissan,30 Tolland Tpke,Dealership Hours,"2, DC","30 Tolland Tpke
Manchester
(41.813743, -72.507773)",1.0,1041,161,77.0,"(41.813743, -72.507773)"
116,The Ridgefield Playhouse,80 East Ridge,Open 24 Hours,2,"80 East Ridge
Ridgefield
(41.282357, -73.493122)",9.0,1040,43,118.0,"(41.282357, -73.493122)"
117,Torrington Town Hall,140 Main Street,Open 24 Hours,2,"140 Main Street
Torrington
(41.803336, -73.120793)",6.0,1042,122,143.0,"(41.803336, -73.120793)"
118,NEEDS & Sustainable America  ,700 Canal Street (at Henry St.),Open 24 Hours,2,"700 Canal Street (at Henry St.)
Stamford
(41.043886, -73.532272)",9.0,1040,7,135.0,"(41.043886, -73.532272)"
119,Public Parking Lot,Morse Street,Open 24 Hours,2,"Morse Street
New Canaan
(41.1464, -73.4924)",9.0,1040,180,90.0,"(41.1464, -73.4924)"
120,Kent Town Green,14-18 Kent Green Blvd,Open 24 Hours,2,"14-18 Kent Green Blvd
Kent
(41.727419, -73.47251)",6.0,1042,52,68.0,"(41.727419, -73.47251)"
121,Saint Francis Hospital,114 Woodland Street,Open 24 Hours,2,"114 Woodland Street
Hartford
(41.77507, -72.6994)",1.0,1041,10,64.0,"(41.77507, -72.6994)"
122,Ford of Branford,301 E Main Street,Dealership Hours,2,"301 E Main Street
Branford
(41.291874, -72.790192)",7.0,1044,170,14.0,"(41.291874, -72.790192)"
123,Easton Public Library,691 Morehouse Road,Open 24 Hours,2,"691 Morehouse Road
Easton
(41.251966, -73.297822)",2.0,1040,42,46.0,"(41.251966, -73.297822)"
124,Middletown Nissan,1153 Newfield Street,Dealership Hours,"2, DC","1153 Newfield Street
Middletown
(41.5903224, -72.6757242)",3.0,1043,236,83.0,"(41.5903224, -72.6757242)"
125,Panera Bread,1129 Silas Deane Hwy,Open 24 Hours,2,"1129 Silas Deane Hwy
Wethersfield
(41.69034, -72.6559)",1.0,1041,261,159.0,"(41.69034, -72.6559)"
126,Napoli Nissan,688 Bridgeport Avenue,Dealership Hours,2,"688 Bridgeport Avenue
Milford
(41.2096984, -73.083616)",7.0,1044,193,84.0,"(41.2096984, -73.083616)"
127,Nissan of Norwich,691 W Thames St,Dealership Hours,2,"691 W Thames St
Norwich
(41.501415, -72.0951712)",8.0,1045,14,104.0,"(41.501415, -72.0951712)"
128,Woodbridge Town Hall,11 Meetinghouse Lane,Open 24 Hours,2,"11 Meetinghouse Lane
Woodbridge
(41.354106, -73.014774)",7.0,1044,61,167.0,"(41.354106, -73.014774)"
129,Foxwoods Casino & Resort,350 Trolley Line Blvd,Open 24 Hours,2,"350 Trolley Line Blvd
Mashantucket
(41.4733521, -71.9600027)",8.0,1045,66,72.0,"(41.4733521, -71.9600027)"
130,Connecticut Department of Energy & Environmental Protection,79 Elm Street,Open 24 Hours,2,"79 Elm Street
Hartford
(41.763449, -72.678557)",1.0,1041,182,64.0,"(41.763449, -72.678557)"
131,Pomfret Town Hall,5 Haven Road,Open 24 Hours,2,"5 Haven Road
Pomfret
(41.859648, -71.998608)",5.0,39,148,112.0,"(41.859648, -71.998608)"
132,George Harte Nissan,426 Derby Avenue,Dealership Hours,"2, DC","426 Derby Avenue
West Haven
(41.3077571, -72.9685927)",7.0,1044,11,156.0,"(41.3077571, -72.9685927)"
133,CCSU Student Center,195 Ella Grasso Blvd,Open 24 Hours,DC,"195 Ella Grasso Blvd
New Britain
(41.693285, -72.768397)",1.0,1041,110,89.0,"(41.693285, -72.768397)"
134,Executive Nissan,900 Universal Drive N,Dealership Hours,"2, DC","900 Universal Drive N
North Haven
(41.360892, -72.870997)",7.0,1044,168,101.0,"(41.360892, -72.870997)"
135,General Electric Capital,901 Main Avenue,Open 24 Hours,2,"901 Main Avenue
Norwalk
(41.144988, -73.428669)",9.0,1040,204,103.0,"(41.144988, -73.428669)"
136,Northeast Utility Services ,107 Seldon Street,Open 24 Hours,2,"107 Seldon Street
Berlin
(41.6495951, -72.7252489)",1.0,1041,253,7.0,"(41.6495951, -72.7252489)"
137,"Crew Design, Inc.","16 Maple Street Extension, Kent",Open 24 Hours,2,"16 Maple Street Extension, Kent
Kent
(41.721958, -73.473401)",6.0,1042,52,68.0,"(41.721958, -73.473401)"
138,Stafford Town Hall,1 Main Street,Open 24 Hours,2,"1 Main Street
Stafford Springs
(41.953668, -72.303231)",1.0,38,34,134.0,"(41.953668, -72.303231)"
139,Hoffman Ford Inc.,600 Connecticut Blvd,Dealership Hours,2,"600 Connecticut Blvd
East Hartford
(41.769701, -72.657481)",1.0,1041,119,43.0,"(41.769701, -72.657481)"
140,Tingue Dam Bypass Channel,Wakeley Street Parking Lot  ,Open 24 Hours,2,"Wakeley Street Parking Lot
Seymour
(41.2335, -73.0434)",7.0,1044,28,84.0,"(41.2335, -73.0434)"
141,Eastern Connecticut State University-Shakespeare Parking Garage,24 Charger Oak Drive,Open 24 Hours,2,"24 Charger Oak Drive
Willimantic
(41.738591, -72.217383)",1.0,38,32,78.0,"(41.738591, -72.217383)"
142,Karl Chevrolet,261 Elm Street,Open 24 Hours,2,"261 Elm Street
New Canaan
(41.14586, -73.4991)",9.0,1040,180,90.0,"(41.14586, -73.4991)"
143,Carriage House of New London,488 Coman Street,"8 AM-7 PM M-Thur, 8 AM-5 PM F-Sun",2,"488 Coman Street
New London
(41.362333, -72.117344)",8.0,1045,144,95.0,"(41.362333, -72.117344)"
144,Arapahoe Parking Lot,105 Lasalle Road,Garage Hours,2,"105 Lasalle Road
West Hartford
(41.7585089, -72.7445332)",1.0,1041,158,155.0,"(41.7585089, -72.7445332)"
145,Saybrook Point Marina,21 Bridge Street,Open 24 Hours,2,"21 Bridge Street
Old Saybrook
(41.282707, -72.351844)",3.0,1043,56,106.0,"(41.282707, -72.351844)"
146,United Illuminating - Fairfield,65 Reef Road,Open 24 Hours,2,"65 Reef Road
Fairfield
(41.1406181, -73.2571997)",2.0,1040,111,51.0,"(41.1406181, -73.2571997)"
147,Guilford Town Hall,31 Park Street,Open 24 Hours,2,"31 Park Street
Guilford
(41.2829747, -72.6806692)",7.0,1044,201,60.0,"(41.2829747, -72.6806692)"
148,Danbury Fair Mall,7 Backus Ave ,Open 24 Hours,DC,"7 Backus Ave
Danbury
(41.38010788, -73.47898865)",9.0,1040,1,34.0,"(41.38010788, -73.47898865)"
149,Crowly Volkswagen,245 New Britain Ave,Dealership Hours,2,"245 New Britain Ave
Plainville
(41.67693, -72.841182)",1.0,1041,260,110.0,"(41.67693, -72.841182)"
150,Reserve Night Club,16 Colony Street,Open 24 Hours,2,"16 Colony Street
Meriden
(41.538678, -72.802371)",7.0,1044,226,80.0,"(41.538678, -72.802371)"
151,Whole Foods Market,350 Grasmere Avenue,Customers Only,2,"350 Grasmere Avenue
Fairfield
(41.157196, -73.241898)",2.0,1040,111,51.0,"(41.157196, -73.241898)"
152,Connecticut Legislative Office Building,300 Capitol Ave,Garage Hours,2,"300 Capitol Ave
Hartford
(41.7634529, -72.6854594)",1.0,1041,182,64.0,"(41.7634529, -72.6854594)"
153,Hoffman Nissan,46 Albany Tpke,Dealership Hours,2,"46 Albany Tpke
West Simsbury
(41.820356, -72.869086)",1.0,1041,186,128.0,"(41.820356, -72.869086)"
154,Ridgeway Lower Level Parking Garage,2202 Bedford Street,Open 24 Hours,DC,"2202 Bedford Street
Stamford
(41.06864929, -73.54598236)",9.0,1040,84,135.0,"(41.06864929, -73.54598236)"
155,University of Connecticut - Motor Pool,31 LeDoyt Road,8 AM-3 PM M-F,2,"31 LeDoyt Road
Storrs
(41.811817, -72.261825)",1.0,38,33,78.0,"(41.811817, -72.261825)"
156,CT Department of Motor Vehicles,1365 Highland Avenue,9 AM-5PM M-F,2,"1365 Highland Avenue
Cheshire
(41.5374181, -72.8935933)",4.0,1044,63,25.0,"(41.5374181, -72.8935933)"
157,Town of Newington-Market Center,90 Market Square,Open 24 Hours,2,"90 Market Square
Newington
(41.6972, -72.7214)",1.0,1041,86,94.0,"(41.6972, -72.7214)"
158,Shagbark Lumber and Farm Supply,Corner of Mt. Parnassus Rd. & Rt. 82,Business Hours,2,"Corner of Mt. Parnassus Rd. & Rt. 82
East Haddam
(41.463278, -72.442533)",3.0,1043,192,41.0,"(41.463278, -72.442533)"
159,Connecticut Insurance Exchange of Southington,1133 Meriden Waterbury Turnpike,Open 24 Hours,2,"1133 Meriden Waterbury Turnpike
Plantsville
(41.56426, -72.8831)",1.0,1041,185,131.0,"(41.56426, -72.8831)"
160,United Illuminating Co - City of Bridgeport,45 Lyon Terrace,9AM-5PM M-F,2,"45 Lyon Terrace
Bridgeport
(41.1803348, -73.1927599)",2.0,1040,172,15.0,"(41.1803348, -73.1927599)"
161,Hartford Mitsubishi,77 Leibert Road,Dealership Hours,2,"77 Leibert Road
Hartford
(41.78421, -72.6577)",1.0,1041,79,64.0,"(41.78421, -72.6577)"
162,Washington Boulevard Parking Garage,1340 Washington Blvd,Open 24 Hours,2,"1340 Washington Blvd
Stamford
(41.0582867, -73.5439057)",9.0,1040,7,135.0,"(41.0582867, -73.5439057)"
163,Grossman Nissan,295 Middlesex Tpke,Dealership Hours,"2, DC","295 Middlesex Tpke
Old Saybrook
(41.3091825, -72.3819136)",3.0,1043,56,106.0,"(41.3091825, -72.3819136)"
164,Fairfield Mitsubishi,421 Tunxis Hill Road,Dealership Hours,2,"421 Tunxis Hill Road
Fairfield
(41.1768546, -73.2306361)",2.0,1040,174,51.0,"(41.1768546, -73.2306361)"
165,Wesleyan University,161 Cross Street,Open 24 Hours,2,"161 Cross Street
Middletown
(41.550883, -72.662214)",3.0,1043,236,83.0,"(41.550883, -72.662214)"
166,Highland Park Market,317 Highland Street,Dealership business hours,2,"317 Highland Street
Manchester
(41.7660072, -72.4902715)",1.0,1041,263,77.0,"(41.7660072, -72.4902715)"
167,Town of Westport - Westport Metro North,1 Railroad Place (Located at the East Bound Saugatuck Train Station),Open 24/7 is a pay lot ,"1, 2","1 Railroad Place (Located at the East Bound Saugatuck Train Station)
Westport
(41.119379, -73.369318)",9.0,1040,179,158.0,"(41.119379, -73.369318)"
168,Mystic Aquarium,55 Coogan Blvd.,Open 24 Hours,"2, DC","55 Coogan Blvd.
Mystic
(41.373266, -71.953159)",8.0,1045,135,137.0,"(41.373266, -71.953159)"
169,Asnuntuck Community College,170 Elm Street,Open 24 Hours,2,"170 Elm Street
Enfield
(42.0000268, -72.5697849)",1.0,1041,108,49.0,"(42.0000268, -72.5697849)"
170,BMW of Darien-ChargePoint,138-142 Ledge Rd,Open 24 Hours,2,"138-142 Ledge Rd
Darien
(41.072882, -73.4764687)",9.0,1040,5,35.0,"(41.072882, -73.4764687)"
171,Branchville Rail Station,U.S. 7 & S.R. 102,Open 24 Hours,2,"U.S. 7 & S.R. 102
Ridgefield
(41.267627, -73.44164)",9.0,1040,43,118.0,"(41.267627, -73.44164)"
172,Executive Valet Parking at Bradley International Airport,1186 South Street,Open 24 Hours,2,"1186 South Street
Suffield
(41.951638, -72.6656968)",1.0,1041,115,139.0,"(41.951638, -72.6656968)"
173,Northbound & Southbound Travel Plaza,2000-3000 Merritt Parkway,Open 24 Hours,Tesla,"2000-3000 Merritt Parkway
Greenwich
(41.040555, -73.673445)",9.0,1040,215,57.0,"(41.040555, -73.673445)"
174,City of New Haven,102 N. Frontage Road (Orchard Sherman Parking Lot),Open 24 Hours,2,"102 N. Frontage Road (Orchard Sherman Parking Lot)
New Haven
(41.312201, -72.921453)",7.0,1044,133,93.0,"(41.312201, -72.921453)"
175,Metro Center Garage,1 Station Place,Open 24 Hours,2,"1 Station Place
Stamford
(41.0456376, -73.5428902)",9.0,1040,7,135.0,"(41.0456376, -73.5428902)"
176,Spinnaker Real Estate Partners,20 North Water Street,Open 24 Hours,2,"20 North Water Street
Norwalk
(41.099673, -73.416602)",9.0,1040,155,103.0,"(41.099673, -73.416602)"
177,Western Connecticut State University,180 White Street,Open 24 Hours,2,"180 White Street
Danbury
(41.399422, -73.445563)",9.0,1040,1,34.0,"(41.399422, -73.445563)"
179,Propark America,100 Asylum Street,Garage Hours,2,"100 Asylum Street
Hartford
(41.7669796, -72.6749203)",1.0,1041,82,64.0,"(41.7669796, -72.6749203)"
180,New Haven Parking Authority (Union Street),40 Union Street (Located on first floor of garage),Open 24/7 is a pay lot ,2,"40 Union Street (Located on first floor of garage)
New Haven
(41.29803, -72.926668)",7.0,1044,132,93.0,"(41.29803, -72.926668)"
181,644 West Putnam,644 West Putnam Avenue,Open 24 Hours,2,"644 West Putnam Avenue
Greenwich
(41.016928, -73.6476069)",9.0,1040,6,57.0,"(41.016928, -73.6476069)"
182,CT Department of Motor Vehicles,60 State Street,8 AM-5 PM M-F,2,"60 State Street
Wethersfield
(41.7186625, -72.655754)",1.0,1041,261,159.0,"(41.7186625, -72.655754)"
183,Killingly Town Hall,172 Main Street,Open 24 Hours,2,"172 Main Street
Killingly
(41.80577, -71.882323)",5.0,39,71,69.0,"(41.80577, -71.882323)"
184,Illiano's Grill,257 West Town Street,Open 24 Hours,2,"257 West Town Street
Yantic
(41.557556, -72.1136)",8.0,1045,14,104.0,"(41.557556, -72.1136)"
185,General Electric,41 Woodford Avenue,Open 24 Hours,2,"41 Woodford Avenue
Plainville
(41.6724723, -72.8582306)",1.0,1041,260,110.0,"(41.6724723, -72.8582306)"
186,Town of East Hartford,740 Main Street,Open 24 Hours,2,"740 Main Street
East Hartford
(41.765921, -72.645193)",1.0,1041,119,43.0,"(41.765921, -72.645193)"
187,Bedford Street Garage,17 Forest Street,Open 24 Hours,2,"17 Forest Street
Stamford
(41.0569153, -73.5371102)",9.0,1040,203,135.0,"(41.0569153, -73.5371102)"
188,VW of Old Saybrook,319 Middlesex Turnpike,Open 24 Hours,2,"319 Middlesex Turnpike
Old Saybrook
(41.310116, -72.38265)",3.0,1043,56,106.0,"(41.310116, -72.38265)"
189,Deep River Library,150 Main Street,Open 24 Hours,"1, 2","150 Main Street
Deep River
(41.3865745, -72.4359069)",3.0,1043,272,36.0,"(41.3865745, -72.4359069)"
190,Town of Glastonbury,2155 Main Street,Open 24 Hours,2,"2155 Main Street
Glastonbury
(41.7075381, -72.6085729)",1.0,1041,90,54.0,"(41.7075381, -72.6085729)"
191,Barberino Nissan,505 N Colony Street,Dealership Hours,2,"505 N Colony Street
Wallingford
(41.467401, -72.817451)",7.0,1044,195,148.0,"(41.467401, -72.817451)"
192,University of Connecticut- South Parking Garage,505 Stadium Road,Garage Hours,2,"505 Stadium Road
Storrs
(41.805152, -72.253601)",1.0,38,69,78.0,"(41.805152, -72.253601)"
193,Danbury Parking Authority,21 Delay Street,"5AM-2AM M-Sat, 8AM-2AM Sun",2,"21 Delay Street
Danbury
(41.396042, -73.451059)",9.0,1040,1,34.0,"(41.396042, -73.451059)"
194,Bruce Bennett Nissan,978 Danbury Road,Dealership Hours,2,"978 Danbury Road
Wilton
(41.26043, -73.435421)",9.0,1040,212,161.0,"(41.26043, -73.435421)"
195,Central Connecticut State University-Student Center,105 Ella Grasso Blvd.,Open 24 Hours,2,"105 Ella Grasso Blvd.
New Britain
(41.693068, -72.767971)",1.0,1041,110,89.0,"(41.693068, -72.767971)"
196,Bethel Metro-North Train Station,13 Durant Ave,Open 24 Hours,2,"13 Durant Ave
Bethel
(41.376431, -73.417444)",9.0,1040,77,9.0,"(41.376431, -73.417444)"
197,Newington Electric,72 Pane Road,Open 24 Hours,2,"72 Pane Road
Newington
(41.654779, -72.729349)",1.0,1041,86,94.0,"(41.654779, -72.729349)"
198,East Norwalk Library,51 Van Zant Street,Open 24 Hours,2,"51 Van Zant Street
Norwalk
(41.101888, -73.405875)",9.0,1040,247,103.0,"(41.101888, -73.405875)"
199,Town of Hebron,15 Gilead Street,Open 24 Hours,2,"15 Gilead Street
Hebron
(41.658572, -72.366742)",1.0,38,68,67.0,"(41.658572, -72.366742)"
200,Corbins Corner Shopping Center,1445 New Britain Ave,Open 24 Hours,Tesla,"1445 New Britain Ave
West Hartford
(41.7257831, -72.7573662)",1.0,1041,213,155.0,"(41.7257831, -72.7573662)"
201,Meriden City Hall/Meriden Library,105 Miller Street,Open 24 Hours,2,"105 Miller Street
Meriden
(41.537218, -72.796702)",7.0,1044,199,80.0,"(41.537218, -72.796702)"
202,Montesi VW,444 State Street,Dealership Hours,2,"444 State Street
North Haven
(41.3630236, -72.8878557)",7.0,1044,168,101.0,"(41.3630236, -72.8878557)"
203,Paul Miller Nissan,930 Kings Hwy E,Dealership Hours,2,"930 Kings Hwy E
Fairfield
(41.16725, -73.2336)",2.0,1040,174,51.0,"(41.16725, -73.2336)"
204,Canton Town Hall,4 Market Street,Open 24 Hours,2,"4 Market Street
Canton
(41.810822, -72.922571)",1.0,1041,80,23.0,"(41.810822, -72.922571)"
205,D'Addario Nissan,329 Bridgeport Avenue,Dealership Hours,"2, DC","329 Bridgeport Avenue
Shelton
(41.29952, -73.1063)",4.0,1040,217,126.0,"(41.29952, -73.1063)"
206,Hoffman of Simsbury Inc.  d/b/a Hoffman Honda,40 Albany Tpke,Dealership Hours,2,"40 Albany Tpke
West Simsbury
(41.821883, -72.873778)",1.0,1041,80,23.0,"(41.821883, -72.873778)"
207,Convention Center,100 Columbus Blvd,Open 24 Hours,2,"100 Columbus Blvd
Hartford
(41.76378, -72.6697)",1.0,1041,82,64.0,"(41.76378, -72.6697)"
208,Bishop's Orchards,1355 Boston Post Road,Open 24 Hours,2,"1355 Boston Post Road
Guilford
(41.289671, -72.695214)",7.0,1044,201,60.0,"(41.289671, -72.695214)"
209,Stamford Government Center Garage,888 Washington Blvd,Open 24 Hours,2,"888 Washington Blvd
Stamford
(41.0522174, -73.5423234)",9.0,1040,203,135.0,"(41.0522174, -73.5423234)"
210,Town of Mansfield,10 S Eagleville Road,Open 24 Hours,2,"10 S Eagleville Road
Mansfield
(41.7990473, -72.2446293)",1.0,38,33,78.0,"(41.7990473, -72.2446293)"
211,Szczesny Parking Garage,31 Bank Street,Open 24 Hours,2,"31 Bank Street
New Britain
(41.666879, -72.78037)",1.0,1041,17,89.0,"(41.666879, -72.78037)"
212,Whalley Blake Parking Lot,919 Whalley Avenue,Open 24 Hours,2,"919 Whalley Avenue
New Haven
(41.32696, -72.959996)",7.0,1044,240,93.0,"(41.32696, -72.959996)"
213,North Madison Shopping Center/BeFree Solar,492 Old Toll Road,Open 24 Hours,"1, 2","492 Old Toll Road
Madison
(41.36007495, -72.63656297)",7.0,1044,134,76.0,"(41.36007495, -72.63656297)"
214,Hampton Inn,129 Plains Road,Open 24 Hours-Guests Only,DC,"129 Plains Road
Milford
(41.2231941, -73.0770373)",7.0,1044,28,84.0,"(41.2231941, -73.0770373)"
